{"cameraMode":{"drawMode":0,"name":"Shaded","section":"Shading Mode"},"sceneLighting":true,"audioPlay":false,"sceneViewState":{"showFog":true,"showMaterialUpdate":false,"showSkybox":true,"showFlares":true,"showImageEffects":true,"showParticleSystems":true},"in2DMode":false,"pivot":{"x":2.6090149879455568,"y":-0.9182733297348023,"z":3.0380301475524904},"rotation":{"x":-0.43116554617881777,"y":0.2559165060520172,"z":-0.12897512316703797,"w":-0.855562150478363},"size":4.42272424697876,"orthographic":false}