{"cameraMode":{"drawMode":0,"name":"Shaded","section":"Shading Mode"},"sceneLighting":false,"audioPlay":false,"sceneViewState":{"showFog":true,"showMaterialUpdate":false,"showSkybox":false,"showFlares":true,"showImageEffects":true,"showParticleSystems":true},"in2DMode":false,"pivot":{"x":-3.2348551750183107,"y":-2.0222392082214357,"z":-3.732970952987671},"rotation":{"x":0.5160833597183228,"y":-0.4836891293525696,"z":0.5105440616607666,"w":0.48894309997558596},"size":0.8660255670547485,"orthographic":true}