{"cameraMode":{"drawMode":0,"name":"Shaded","section":"Shading Mode"},"sceneLighting":false,"audioPlay":false,"sceneViewState":{"showFog":true,"showMaterialUpdate":false,"showSkybox":false,"showFlares":true,"showImageEffects":true,"showParticleSystems":true},"in2DMode":false,"pivot":{"x":3.6196694374084474,"y":5.333531379699707,"z":-0.4308486878871918},"rotation":{"x":-0.24777133762836457,"y":0.672160804271698,"z":-0.2567008435726166,"w":-0.6487791538238525},"size":1.401298464324817e-45,"orthographic":false}