{"cameraMode":{"drawMode":0,"name":"Shaded","section":"Shading Mode"},"sceneLighting":false,"audioPlay":false,"sceneViewState":{"showFog":true,"showMaterialUpdate":false,"showSkybox":false,"showFlares":true,"showImageEffects":true,"showParticleSystems":true},"in2DMode":false,"pivot":{"x":0.3591111898422241,"y":2.1553616523742677,"z":-0.3916022777557373},"rotation":{"x":-0.042661767452955249,"y":0.933383584022522,"z":-0.11853484809398651,"w":-0.3361130654811859},"size":1.6195409297943116,"orthographic":false}